,País,Sede,Red Social,URL
0,AUSTRALIA,CSIDN,Facebook,https://www.facebook.com/ArgentinaEnSidney/
1,AUSTRALIA,EAUST,Facebook,https://www.facebook.com/ArgentinaEnAustralia/
2,AUSTRALIA,EAUST,Twitter,https://twitter.com/ARGinAustralia
3,BARBADOS,EBARB,Facebook,https://www.facebook.com/ArgentinaEnBarbados/
4,CANADÁ,CTORO,Facebook,https://www.facebook.com/ArgentinaEnToronto/
5,CANADÁ,CTORO,Instagram,https://www.instagram.com/consuladoargtoronto/
6,CANADÁ,ECANA,Facebook,https://www.facebook.com/ArgentinaInCanada
7,CANADÁ,ECANA,Instagram,https://www.instagram.com/argentinaincanada/
8,CANADÁ,ECANA,Linkedin,https://www.linkedin.com/company/argentinaincanada
9,CANADÁ,ECANA,Twitter,https://twitter.com/ArginCanada
10,CANADÁ,ECANA,Youtube,https://www.youtube.com/channel/UC77DGXZ2ppExRtV4WS4IV-A
11,Confederación  Suiza,EOIRS,Facebook,https://www.facebook.com/ArgentinaEnGinebra
12,Confederación  Suiza,EOIRS,Instagram,www.instagram.com/misionargentinaonu
13,Confederación  Suiza,EOIRS,Twitter,https://twitter.com/ArgentinaONUOMC
14,Confederación  Suiza,EOIRS,Youtube,https://www.youtube.com/channel/UCSOsChik8j7nFJZnPq6K7Ag
15,EMIRATOS  ÁRABES  UNIDOS,EEARB,Facebook,https://www.facebook.com/ArgentinaEnEmiratosArabesUnidos
16,ESTADO  DE  ISRAEL,CGTEL,Facebook,https://www.facebook.com/ArgentinaEnIsrael/
17,ESTADO  DE  ISRAEL,EISRA,Facebook,https://www.facebook.com/ArgEnIsrael
18,ESTADO  DE  ISRAEL,EISRA,Twitter,https://twitter.com/argenisrael
19,ESTADO  DE  KUWAIT,EKUWA,Facebook,www.facebook.com/ArgentinaenKuwait
20,ESTADO  DE  PALESTINA,REPAL,Facebook,https://www.facebook.com/ArgEnPalestina
21,ESTADO  PLURINACIONAL  DE  BOLIVIA,CCOCH,Facebook,wwww.facebook.com/ArgentinaEnCochabamba
22,ESTADO  PLURINACIONAL  DE  BOLIVIA,CVILL,Facebook,https://www.facebook.com/ArgEnVillazon
23,ESTADOS  UNIDOS  MEXICANOS,EMEXI,Facebook,https://www.facebook.com/ARGenMexico/
24,ESTADOS  UNIDOS  MEXICANOS,EMEXI,Instagram,https://www.instagram.com/embargenmexico/
25,ESTADOS  UNIDOS  MEXICANOS,EMEXI,Twitter,https://twitter.com/@ARGenMexico
26,ESTADOS  UNIDOS  MEXICANOS,EMEXI,Youtube,https://www.youtube.com/user/EmbaArgenMX
27,Estados  Unidos  de  América,CCHIC,Facebook,https://www.facebook.com/ArgentinaEnChicago
28,Estados  Unidos  de  América,CCHIC,Twitter,https://twitter.com/argenchicago
29,Estados  Unidos  de  América,CCHIC,Youtube,https://www.youtube.com/channel/UCjZ3a6zTr156aP_zg-1lQfQ/featured
30,Estados  Unidos  de  América,CHOUS,Facebook,https://www.facebook.com/ArgentinaEnHouston/
31,Estados  Unidos  de  América,CLANG,Facebook,https://www.facebook.com/ArgentinaEnLosAngeles/?ref=aymt_homepage_panel
32,Estados  Unidos  de  América,CMIAM,Facebook,https://es-la.facebook.com/consuladoargentino.miami/
33,Estados  Unidos  de  América,CNYOR,Facebook,https://www.facebook.com/ARGenNewYork
34,Estados  Unidos  de  América,CNYOR,Instagram,https://www.instagram.com/argennewyork/
35,Estados  Unidos  de  América,CNYOR,Twitter,https://twitter.com/ARGenNewYork
36,Estados  Unidos  de  América,CNYOR,Youtube,https://www.youtube.com/channel/UCJFygvT8lgEo1PrQqsHqMKg
37,Estados  Unidos  de  América,EEEUU,Facebook,https://www.facebook.com/ARGinUSA/
38,Estados  Unidos  de  América,EEEUU,Flickr,https://www.flickr.com/photos/ARGinUSA/
39,Estados  Unidos  de  América,EEEUU,Instagram,https://www.instagram.com/ARGinUSA/
40,Estados  Unidos  de  América,EEEUU,Linkedin,www.linkedin.com/in/ARGinUSA
41,Estados  Unidos  de  América,EEEUU,Twitter,https://twitter.com/ARGinUSA
42,Estados  Unidos  de  América,EEEUU,Youtube,https://www.youtube.com/ARGinUSA
43,Estados  Unidos  de  América,EEOEA,Facebook,www.facebook.com/ARGenOEA/
44,Estados  Unidos  de  América,EEOEA,Instagram,www.instagram.com/argenoea/
45,Estados  Unidos  de  América,EEOEA,Twitter,www.twitter.com/ARGenOEA
46,Estados  Unidos  de  América,EEOEA,Youtube,www.youtube.com/channel/UCqjmCa0UfL3_I3Ovqz5ZAag/featured
47,FEDERACIÓN  DE  RUSIA,EFRUS,Facebook,https://www.facebook.com/EMBAJADAARGENTINAENMOSCU
48,FEDERACIÓN  DE  RUSIA,EFRUS,Twitter,https://twitter.com/EmbArgRusia
49,HUNGRÍA,EUNGR,Facebook,https://www.facebook.com/ArgentinaEnHungria
50,IRLANDA,EIRLA,Facebook,https://www.facebook.com/ArgentinaEnIrlanda/
51,IRLANDA,EIRLA,Instagram,https://www.instagram.com/embajadaargentinairlanda
52,JAMAICA,EJAMA,Facebook,https://www.facebook.com/ArgentinaEnJamaica/
53,JAMAICA,EJAMA,Twitter,https://twitter.com/ARGenJamaica
54,MALASIA,EMSIA,Facebook,https://www.facebook.com/ArgentinaEnMalasia
55,REINO  DE  ARABIA  SAUDITA,EARAB,Facebook,https://www.facebook.com/argentinaenarabiasaudita/
56,REINO  DE  ARABIA  SAUDITA,EARAB,Instagram,https://www.instagram.com/arginsaudi/
57,REINO  DE  ARABIA  SAUDITA,EARAB,Twitter,https://twitter.com/ensaudita
58,REINO  DE  DINAMARCA,EDINA,Facebook,https://www.facebook.com/EmbajadadeArgentinaenDinamarca/
59,REINO  DE  ESPAÑA,CBARC,Facebook,facebook.com/ArgEnBarcelona
60,REINO  DE  ESPAÑA,CBARC,Instagram,instagram.com/argenbarcelona
61,REINO  DE  ESPAÑA,CBARC,Linkedin,linkedin.com/company/consulado-y-centro-de-promoci%C3%B3n-de-la-republica-argentina-en-barcelona/mycompany/
62,REINO  DE  ESPAÑA,CBARC,Twitter,twitter.com/ARGenBarcelona
63,REINO  DE  ESPAÑA,CCADI,Facebook,www.facebook.com/ArgentinaEnCadiz
64,REINO  DE  ESPAÑA,CMADR,Facebook,https://www.facebook.com/ArgentinaEnMadridEsp/
65,REINO  DE  ESPAÑA,CMALL,Facebook,https://www.facebook.com/ArgentinaEnPalmaDeMallorca
66,REINO  DE  ESPAÑA,CTENE,Facebook,www.facebook.com/argentinaentenerife
67,REINO  DE  ESPAÑA,CVIGO,Facebook,facebook.com/ArgentinaenVigo
68,REINO  DE  ESPAÑA,CVIGO,Instagram,https://www.instagram.com/argenvigo/
69,REINO  DE  ESPAÑA,EESPA,Facebook,https://www.facebook.com/argenespa/
70,REINO  DE  ESPAÑA,EESPA,Instagram,https://www.instagram.com/argenespa/
71,REINO  DE  ESPAÑA,EESPA,Twitter,https://twitter.com/ARGenesp
72,REINO  DE  LOS  PAÍSES  BAJOS,EPBAJ,Facebook,https://www.facebook.com/ArgEnPaisesBajos/
73,REINO  DE  LOS  PAÍSES  BAJOS,EPBAJ,Twitter,https://twitter.com/ArgentinaEnPB
74,REINO  DE  MARRUECOS,EMARR,Instagram,https://www.instagram.com/marruecos.embajada/
75,REINO  DE  MARRUECOS,EMARR,Twitter,https://twitter.com/ArgMarruecos
76,REINO  DE  NORUEGA,ENORU,Facebook,https://www.facebook.com/ArgentinaEnNoruega/
77,REINO  DE  NORUEGA,ENORU,Instagram,https://www.instagram.com/ARGenNoruega/
78,REINO  DE  SUECIA,ESUEC,Facebook,https://www.facebook.com/arginsweden/
79,REINO  DE  SUECIA,ESUEC,Instagram,https://www.instagram.com/arginsweden/
80,REINO  DE  SUECIA,ESUEC,Linkedin,https://se.linkedin.com/showcase/arginsweden
81,REINO  DE  TAILANDIA,ETAIL,Facebook,https://www.facebook.com/ArgEnTailandiaBangkok/?tn-str=k*F
82,REINO  UNIDO  DE  GRAN  BRETAÑA  E  IRLANDA  DEL  NORTE,CLOND,Instagram,https://www.instagram.com/consuladoargentinoenlondres/
83,REINO  UNIDO  DE  GRAN  BRETAÑA  E  IRLANDA  DEL  NORTE,ERUNI,Facebook,https://www.facebook.com/ARGinUK/
84,REINO  UNIDO  DE  GRAN  BRETAÑA  E  IRLANDA  DEL  NORTE,ERUNI,Flickr,https://www.flickr.com/photos/138300767@N07/albums
85,REINO  UNIDO  DE  GRAN  BRETAÑA  E  IRLANDA  DEL  NORTE,ERUNI,Instagram,https://www.instagram.com/arginuk/
86,REINO  UNIDO  DE  GRAN  BRETAÑA  E  IRLANDA  DEL  NORTE,ERUNI,Twitter,https://twitter.com/ARGinUK
87,REINO  UNIDO  DE  GRAN  BRETAÑA  E  IRLANDA  DEL  NORTE,ERUNI,Youtube,https://www.youtube.com/channel/UCzaGU10f-77SR56kini9-1g/videos?view_as=subscriber
88,REPÚBLICA  ARGELINA  DEMOCRÁTICA  Y  POPULAR,EARGE,Facebook,facebook.com/ArgentinaEnArgelia
89,REPÚBLICA  ARGELINA  DEMOCRÁTICA  Y  POPULAR,EARGE,Instagram,https://instagram.com/argenargelia
90,REPÚBLICA  ARGELINA  DEMOCRÁTICA  Y  POPULAR,EARGE,Twitter,https://twitter.com/ARGenArgelia
91,REPÚBLICA  BOLIVARIANA  DE  VENEZUELA,EVENE,Facebook,https://www.facebook.com/EmbajadaArgentinaEnVenezuela
92,REPÚBLICA  BOLIVARIANA  DE  VENEZUELA,EVENE,Instagram,https://www.instagram.com/argenvenezuela/
93,REPÚBLICA  BOLIVARIANA  DE  VENEZUELA,EVENE,Twitter,https://twitter.com/argenvenezuela?lang=es
94,REPÚBLICA  CHECA,ECHES,Facebook,https://www.facebook.com/ArgentinaEnRepCheca/
95,REPÚBLICA  CHECA,ECHES,Instagram,https://www.instagram.com/argentinaenpraga
96,REPÚBLICA  DE  ANGOLA,EANGO,Facebook,https://www.facebook.com/ArgentinaEnAngola/
97,REPÚBLICA  DE  ANGOLA,EANGO,Instagram,https://www.instagram.com/embargentinaenangola/
98,REPÚBLICA  DE  ARMENIA,EARME,Facebook,https://www.facebook.com/ArgentinaEnArmenia
99,REPÚBLICA  DE  ARMENIA,EARME,Instagram,https://www.instagram.com/arginarmenia/
100,REPÚBLICA  DE  ARMENIA,EARME,Twitter,https://twitter.com/ARGinArmenia
101,REPÚBLICA  DE  AUSTRIA,ETRIA,Facebook,https://www.facebook.com/ArgentinaEnAustria/
102,REPÚBLICA  DE  AUSTRIA,ETRIA,Instagram,https://www.instagram.com/argenviena/
103,REPÚBLICA  DE  AUSTRIA,ETRIA,Twitter,https://twitter.com/ARGenViena
104,REPÚBLICA  DE  AZERBAIYÁN,EAZER,Facebook,https://www.facebook.com/EmbassyOfArgentina/
105,REPÚBLICA  DE  AZERBAIYÁN,EAZER,Instagram,www.instagram.com/embargentinaaz
106,REPÚBLICA  DE  AZERBAIYÁN,EAZER,Twitter,www.twitter.com/ARGEnAzer
107,REPÚBLICA  DE  BULGARIA,EBULG,Facebook,https://www.facebook.com/ArgentinaEnBulgaria/
108,REPÚBLICA  DE  BULGARIA,EBULG,Youtube,https://www.youtube.com/channel/UCK-uSxN84lEMqJwCviEjZow
109,REPÚBLICA  DE  CHILE,CANTO,Facebook,https://www.facebook.com/Consulado-de-la-Rep%C3%BAblica-Argentina-en-Antofagasta-255728465291743/
110,REPÚBLICA  DE  CHILE,CAREN,Facebook,https://www.facebook.com/profile.php?id=100014152878593
111,REPÚBLICA  DE  CHILE,CPMON,Facebook,https://www.facebook.com/ArgentinaEnPuertoMontt/
112,REPÚBLICA  DE  CHILE,CVALP,Facebook,https://www.facebook.com/ArgentinaEnValparaiso
113,REPÚBLICA  DE  CHILE,EHILE,Facebook,https://www.facebook.com/EmbArgentinaEnChile
114,REPÚBLICA  DE  CHILE,EHILE,Instagram,https://www.instagram.com/embargenchile/
115,REPÚBLICA  DE  CHILE,EHILE,Twitter,https://twitter.com/EmbArgEnChile
116,REPÚBLICA  DE  COLOMBIA,ECOLO,Facebook,https://www.facebook.com/ArgColombia/?ref=bookmarks
117,REPÚBLICA  DE  COREA,ECORE,Facebook,https://www.facebook.com/ArgentinaEnCorea/
118,REPÚBLICA  DE  COREA,ECORE,Instagram,https://www.instagram.com/embajadaargentinaencorea1/?hl=es
119,REPÚBLICA  DE  COSTA  RICA,ERICA,Facebook,https://www.facebook.com/argentinaencostarica/
120,REPÚBLICA  DE  CUBA,ECUBA,Facebook,https://www.facebook.com/ArgentinaEnCubaLaHabana/
121,REPÚBLICA  DE  EL  SALVADOR,ESALV,Facebook,https://www.facebook.com/ArgentinaEnElSalvador/
122,REPÚBLICA  DE  EL  SALVADOR,ESALV,Instagram,https://www.instagram.com/embargenelsalvador/
123,REPÚBLICA  DE  EL  SALVADOR,ESALV,Twitter,https://twitter.com/ARGenElSalvador
124,REPÚBLICA  DE  FILIPINAS,EFILI,Facebook,https://www.facebook.com/ArgentinaEnFilipinas
125,REPÚBLICA  DE  FILIPINAS,EFILI,Instagram,https://www.instagram.com/argentinaenfilipinas/
126,REPÚBLICA  DE  FILIPINAS,EFILI,Twitter,https://twitter.com/ArgentinaEnFili
127,REPÚBLICA  DE  FINLANDIA,EFINL,Facebook,www.facebook.com/ArgentinaEnFinlandia/
128,REPÚBLICA  DE  FINLANDIA,EFINL,Instagram,www.instagram.com/argenfinlandia/
129,REPÚBLICA  DE  KENYA,EKENY,Facebook,www.facebook.com/ArgentinaEnKenia
130,REPÚBLICA  DE  KENYA,EKENY,Instagram,https://www.instagram.com/argenkenya/
131,REPÚBLICA  DE  LA  INDIA,CGMUM,Facebook,https://www.facebook.com/argenmumbai
132,REPÚBLICA  DE  LA  INDIA,CGMUM,Instagram,https://www.instagram.com/argenmumbai
133,REPÚBLICA  DE  LA  INDIA,CGMUM,Twitter,https://twitter.com/cgmum1
134,REPÚBLICA  DE  LA  INDIA,EINDI,Facebook,https://www.facebook.com/ArgentinaEnInd
135,REPÚBLICA  DE  LA  INDIA,EINDI,Instagram,https://www.instagram.com/argentinaenind/
136,REPÚBLICA  DE  LA  INDIA,EINDI,Twitter,https://twitter.com/ArgentinaEnInd
137,REPÚBLICA  DE  MOZAMBIQUE,EMOZA,Facebook,https://www.facebook.com/ArgentinaEnMozambique/
138,REPÚBLICA  DE  POLONIA,EPOLO,Facebook,https://www.facebook.com/Embajada-de-la-Rep%C3%BAblica-Argentina-en-Polonia-1726942037398853/
139,REPÚBLICA  DE  SERBIA,ESERB,Facebook,facebook.com/ArgentinaEnSerbia
140,REPÚBLICA  DE  SERBIA,ESERB,Instagram,instagram.com/ARGinSerbia
141,REPÚBLICA  DE  SINGAPUR,ESING,Instagram,https://instagram.com/argentine_embassy_singapore?igshid=YmMyMTA2M2Y=
142,REPÚBLICA  DE  SINGAPUR,ESING,Twitter,https://twitter.com/ARGinSingapore
143,REPÚBLICA  DE  SUDÁFRICA,ESAFR,Facebook,facebook.com/ArgenSudafrica
144,REPÚBLICA  DE  SUDÁFRICA,ESAFR,Instagram,https://www.instagram.com/argentinaensudafrica
145,REPÚBLICA  DE  SUDÁFRICA,ESAFR,Twitter,https://twitter.com/EmbArgentina
146,REPÚBLICA  DE  TRINIDAD  Y  TOBAGO,ETRIN,Facebook,www.facebook.com/ArgentinaEnTrinidadYTobago
147,REPÚBLICA  DEL  ECUADOR,EECUA,Facebook,https://www.facebook.com/Argentina-en-Ecuador-772092829594964/?ref=bookmarks
148,REPÚBLICA  DEL  ECUADOR,EECUA,Instagram,https://instagram.com/argentinaenecuador?igshid=1pzlw4ojakxjh
149,REPÚBLICA  DEL  ECUADOR,EECUA,Youtube,https://www.youtube.com/channel/UC7FnoaJNif8jQLyBb4QDKng
150,REPÚBLICA  DEL  PARAGUAY,CCEST,Facebook,https://www.facebook.com/ArgEnCiudaddeleste/
151,REPÚBLICA  DEL  PARAGUAY,CCEST,Instagram,https://www.instagram.com/argenciudaddeleste
152,REPÚBLICA  DEL  PARAGUAY,EPARA,Facebook,https://www.facebook.com/embajada.paraguay
153,REPÚBLICA  DEL  PARAGUAY,EPARA,Twitter,https://twitter.com/argenparaguay_
154,REPÚBLICA  DEL  PERÚ,EPERU,Facebook,https://www.facebook.com/ArgentinaEnPeru
155,REPÚBLICA  DEL  PERÚ,EPERU,Twitter,https://twitter.com/Emb_Arg_Peru
156,REPÚBLICA  DEMOCRÁTICA  FEDERAL  DE  ETIOPÍA,EETIO,Facebook,https://www.facebook.com/ArgEnEtiopia/
157,REPÚBLICA  DEMOCRÁTICA  FEDERAL  DE  ETIOPÍA,EETIO,Instagram,https://www.instagram.com/embaargenetiopia/
158,REPÚBLICA  DOMINICANA,EDOMI,Facebook,https://es-la.facebook.com/ArgentinaEnRepublicaDominicana/
159,REPÚBLICA  FEDERAL  DE  ALEMANIA,CBONN,Facebook,https://www.facebook.com/ConsuladoArgentinoenBonn
160,REPÚBLICA  FEDERAL  DE  ALEMANIA,CBONN,Instagram,http://www.instagram.com/consulado.argentino.bonn
161,REPÚBLICA  FEDERAL  DE  ALEMANIA,EALEM,Facebook,https://www.facebook.com/ArgEnAlemania/
162,REPÚBLICA  FEDERAL  DE  NIGERIA,ENIGE,Facebook,https://www.facebook.com/ArgentinaEnNigeria/
163,REPÚBLICA  FEDERAL  DE  NIGERIA,ENIGE,Instagram,https://www.instagram.com/embargennigeria/?igshid=f0laoeu8lhv8
164,REPÚBLICA  FEDERATIVA  DEL  BRASIL,CALEG,Facebook,https://www.facebook.com/ArgentinaEnPortoAlegre/
165,REPÚBLICA  FEDERATIVA  DEL  BRASIL,CALEG,Instagram,https://www.instagram.com/argenportoalegre/
166,REPÚBLICA  FEDERATIVA  DEL  BRASIL,CALEG,Twitter,https://twitter.com/ArgPortoAlegre
167,REPÚBLICA  FEDERATIVA  DEL  BRASIL,CBELO,Facebook,https://www.facebook.com/ArgentinaEnBeloHorizonte/
168,REPÚBLICA  FEDERATIVA  DEL  BRASIL,CBELO,Instagram,https://www.instagram.com/consgralbelo/
169,REPÚBLICA  FEDERATIVA  DEL  BRASIL,CBELO,Twitter,https://twitter.com/consgralbelo
170,REPÚBLICA  FEDERATIVA  DEL  BRASIL,CCURI,Facebook,https://www.facebook.com/ArgEnCuritiba/
171,REPÚBLICA  FEDERATIVA  DEL  BRASIL,CCURI,Instagram,https://instagram.com/argEncuritiba
172,REPÚBLICA  FEDERATIVA  DEL  BRASIL,CCURI,Twitter,https://twitter.com/ARGenCuri
173,REPÚBLICA  FEDERATIVA  DEL  BRASIL,CFDIG,Facebook,https://www.facebook.com/ArgentinaEnFozDeIguazu
174,REPÚBLICA  FEDERATIVA  DEL  BRASIL,CFDIG,Instagram,https://www.instagram.com/argentinaenfoz/
175,REPÚBLICA  FEDERATIVA  DEL  BRASIL,CFDIG,Twitter,https://twitter.com/argentinaenfoz
176,REPÚBLICA  FEDERATIVA  DEL  BRASIL,CFLOR,Facebook,https://www.facebook.com/cflor.mrecic.gov.ar
177,REPÚBLICA  FEDERATIVA  DEL  BRASIL,CRECI,Facebook,https://www.facebook.com/ArgentinaEnBrasilRecife
178,REPÚBLICA  FEDERATIVA  DEL  BRASIL,CRECI,Instagram,https://www.instagram.com/consuladoargentinorecife
179,REPÚBLICA  FEDERATIVA  DEL  BRASIL,CRIOJ,Facebook,https://www.facebook.com/ArgentinaEnRiodeJaneiro/
180,REPÚBLICA  FEDERATIVA  DEL  BRASIL,CSBAH,Facebook,https://www.facebook.com/ArgentinaenSalvador
181,REPÚBLICA  FEDERATIVA  DEL  BRASIL,CSBAH,Instagram,https://www.instagram.com/argentinaensalvador
182,REPÚBLICA  FEDERATIVA  DEL  BRASIL,CSBAH,Twitter,https://twitter.com/ArgentinaEnSSA
183,REPÚBLICA  FEDERATIVA  DEL  BRASIL,CURUG,Facebook,https://www.facebook.com/ArgEnUruguayana/
184,REPÚBLICA  FEDERATIVA  DEL  BRASIL,CURUG,Twitter,https://twitter.com/CURUGoK
185,REPÚBLICA  FEDERATIVA  DEL  BRASIL,EBRAS,Facebook,https://www.facebook.com/embargbrasil
186,REPÚBLICA  FEDERATIVA  DEL  BRASIL,EBRAS,Instagram,https://www.instagram.com/embaargenbrasil
187,REPÚBLICA  FEDERATIVA  DEL  BRASIL,EBRAS,Twitter,https://twitter.com/ArgentinaEnBras
188,REPÚBLICA  FRANCESA,EFRAN,Facebook,https://www.facebook.com/ArgentinaEnFrancia/
189,REPÚBLICA  FRANCESA,EUNES,Facebook,https://www.facebook.com/delegation.argentine/
190,REPÚBLICA  FRANCESA,EUNES,Twitter,https://twitter.com/ArgentinaUNESCO
191,REPÚBLICA  HELÉNICA,EGREC,Facebook,https://www.facebook.com/ArgentinaEnGrecia
192,REPÚBLICA  HELÉNICA,EGREC,Youtube,https://www.youtube.com/channel/UCFaKsErEs33zEdzJbnrzOog/featured
193,REPÚBLICA  ISLÁMICA  DE  PAKISTÁN,EPAKI,Twitter,https://twitter.com/EmbajadadeArge1
194,REPÚBLICA  ITALIANA,CMILA,Facebook,https://www.facebook.com/ConsuladoArgentinoenMilan
195,REPÚBLICA  ITALIANA,CMILA,Instagram,https://www.instagram.com/consuladoargentinoenmilan/
196,REPÚBLICA  ITALIANA,CMILA,Youtube,https://www.youtube.com/channel/UCZdYeN4gttYEyX15xxkUNWQ
197,REPÚBLICA  ITALIANA,EITAL,Facebook,https://es-la.facebook.com/emb.roma/
198,REPÚBLICA  ITALIANA,EITAL,Instagram,https://www.instagram.com/arginitalia/?hl=es
199,REPÚBLICA  ITALIANA,EITAL,Twitter,https://twitter.com/arginitalia?lang=es
200,REPÚBLICA  LIBANESA,ELBNO,Facebook,https://www.facebook.com/ArgentinaEnLibano
201,REPÚBLICA  ORIENTAL  DEL  URUGUAY,CCOLO,Facebook,https://www.facebook.com/ArgentinaenColonia
202,REPÚBLICA  ORIENTAL  DEL  URUGUAY,CMALD,Facebook,https://www.facebook.com/pg/ConsuladoArgentinoenMaldonado/posts/?ref=page_internal
203,REPÚBLICA  ORIENTAL  DEL  URUGUAY,CMALD,Instagram,https://www.instagram.com/consulado_argentino/
204,REPÚBLICA  ORIENTAL  DEL  URUGUAY,CMDEO,Facebook,https://www.facebook.com/ArgentinaEnMontevideo/
205,REPÚBLICA  ORIENTAL  DEL  URUGUAY,EURUG,Facebook,https://www.facebook.com/ArgentinaEnUru/
206,REPÚBLICA  ORIENTAL  DEL  URUGUAY,EURUG,Instagram,https://www.instagram.com/argentinaenuru/
207,REPÚBLICA  ORIENTAL  DEL  URUGUAY,EURUG,Twitter,https://twitter.com/ArgentinaEnUru
208,REPÚBLICA  SOCIALISTA  DE  VIETNAM,EVIET,Facebook,https://www.facebook.com/ArgentinaEnVietnam/
209,REPÚBLICA  SOCIALISTA  DE  VIETNAM,EVIET,Instagram,https://www.instagram.com/argenvietnam/
210,REPÚBLICA  TUNECINA,ETUNE,Facebook,https://www.facebook.com/ArgEnTunez/
211,REPÚBLICA  TUNECINA,ETUNE,Instagram,https://www.instagram.com/embargentinatn
212,REPÚBLICA  TUNECINA,ETUNE,Twitter,https://www.twitter.com/EmbajadaTunez
213,REPÚBLICA  TUNECINA,ETUNE,Youtube,https://www.youtube.com/channel/UC8kSZug1SPHrp3r1hGzhjtg
214,REPÚBLICA  ÁRABE  DE  EGIPTO,EEGIP,Facebook,facebook.com/ArgentinaenEgipto
215,REPÚBLICA  ÁRABE  DE  EGIPTO,EEGIP,Instagram,instagram.com/argenegipto/
216,REPÚBLICA  ÁRABE  DE  EGIPTO,EEGIP,Twitter,twitter.com/ARGenEgipto
217,REPÚBLICA  ÁRABE  SIRIA,EASIR,Facebook,https://www.facebook.com/Embajada-Argentina-en-Siria-112176794025495
218,RUMANIA,ERUMA,Facebook,https://www.facebook.com/ArgentinaEnRumania
219,RUMANIA,ERUMA,Instagram,https://www.instagram.com/argentinaenrumania
220,Reino  de  Bélgica,EBELG,Facebook,https://www.facebook.com/ArgentinaEnBelgica/
221,Reino  de  Bélgica,EBELG,Instagram,https://www.instagram.com/argenbelgica/
222,Reino  de  Bélgica,ECEUR,Facebook,https://www.facebook.com/ARGanteUE
223,Reino  de  Bélgica,ECEUR,Flickr,https://www.flickr.com/people/197084220@N02/
224,Reino  de  Bélgica,ECEUR,Linkedin,https://www.linkedin.com/company/arganteue
225,Reino  de  Bélgica,ECEUR,Twitter,https://twitter.com/ARGanteUE
226,Reino  de  Bélgica,ECEUR,Youtube,https://www.youtube.com/@ARGanteUE
227,SANTA  SEDE,ESSED,Facebook,https://www.facebook.com/ArgEnSantaSede
228,SANTA  SEDE,ESSED,Instagram,https://www.instagram.com/argensantasede/
229,SANTA  SEDE,ESSED,Twitter,https://twitter.com/ArgSantaSede
230,SANTA  SEDE,ESSED,Youtube,https://www.youtube.com/c/EmbajadaArgentinaantelaSantaSede
231,UCRANIA,EUCRA,Facebook,https://www.facebook.com/ArgentinaEnUcrania
232,UCRANIA,EUCRA,Instagram,https://www.instagram.com/argenucrania/
233,日本国  (JAPÓN),EJAPO,Facebook,https://www.facebook.com/ArgJapon/?ref=bookmarks
